y,x,label,unix_time_conv
-0.07166666666666781,1510661017,11/14 04:03 AM,2017-11-14 21:03:37
-0.04833333333333437,1510683453,11/14 10:17 AM,2017-11-15 03:17:33
-0.04833333333333437,1510705925,11/14 04:32 PM,2017-11-15 09:32:05
-0.11749999999999972,1510728391,11/14 10:46 PM,2017-11-15 15:46:31
-0.11749999999999972,1510750835,11/15 05:00 AM,2017-11-15 22:00:35
-0.046666666666666856,1510773271,11/15 11:14 AM,2017-11-16 04:14:31
-0.046666666666666856,1510795712,11/15 05:28 PM,2017-11-16 10:28:32
-0.05999999999999991,1510818135,11/15 11:42 PM,2017-11-16 16:42:15
-0.05749999999999981,1510840559,11/16 05:55 AM,2017-11-16 22:55:59
-0.033333333333333805,1510862985,11/16 12:09 PM,2017-11-17 05:09:45
-0.06416666666666752,1510885421,11/16 06:23 PM,2017-11-17 11:23:41
-0.061666666666667425,1510907846,11/17 12:37 AM,2017-11-17 17:37:26
-0.06833333333333276,1510930276,11/17 06:51 AM,2017-11-17 23:51:16
-0.061666666666667425,1510952707,11/17 01:05 PM,2017-11-18 06:05:07
-0.0983333333333339,1510975151,11/17 07:19 PM,2017-11-18 12:19:11
-0.06916666666666771,1510997569,11/18 01:32 AM,2017-11-18 18:32:49
-0.06916666666666771,1511020000,11/18 07:46 AM,2017-11-19 00:46:40
-0.06916666666666771,1511042460,11/18 02:01 PM,2017-11-19 07:01:00
-0.09083333333333361,1511064903,11/18 08:15 PM,2017-11-19 13:15:03
-0.09416666666666629,1511087321,11/19 02:28 AM,2017-11-19 19:28:41
-0.054999999999999716,1511109729,11/19 08:42 AM,2017-11-20 01:42:09
-0.054999999999999716,1511132188,11/19 02:56 PM,2017-11-20 07:56:28
-0.041666666666666664,1511154625,11/19 09:10 PM,2017-11-20 14:10:25
-0.04833333333333437,1511177046,11/20 03:24 AM,2017-11-20 20:24:06
-0.044166666666666764,1511199478,11/20 09:37 AM,2017-11-21 02:37:58
-0.044166666666666764,1511203329,11/20 10:42 AM,2017-11-21 03:42:09
-0.044166666666666764,1511210900,11/20 12:48 PM,2017-11-21 05:48:20
-0.044166666666666764,1511218482,11/20 02:54 PM,2017-11-21 07:54:42
-0.044166666666666764,1511226050,11/20 05:00 PM,2017-11-21 10:00:50
-0.044258824101201334,1511233610,11/20 07:06 PM,2017-11-21 12:06:50
-0.07166666666666781,1511241164,11/20 09:12 PM,2017-11-21 14:12:44
-0.061666666666667425,1511248717,11/20 11:18 PM,2017-11-21 16:18:37
-0.05166666666666705,1511256267,11/21 01:24 AM,2017-11-21 18:24:27
-0.05166666666666705,1511263816,11/21 03:30 AM,2017-11-21 20:30:16
-0.041666666666666664,1511271366,11/21 05:36 AM,2017-11-21 22:36:06
-0.029166666666666192,1511278920,11/21 07:42 AM,2017-11-22 00:42:00
-0.015000000000000568,1511286487,11/21 09:48 AM,2017-11-22 02:48:07
-0.029166666666666192,1511301627,11/21 02:00 PM,2017-11-22 07:00:27
-0.03249999999999886,1511302712,11/21 02:18 PM,2017-11-22 07:18:32
-0.038333333333333997,1511303776,11/21 02:36 PM,2017-11-22 07:36:16
-0.038333333333333997,1511304860,11/21 02:54 PM,2017-11-22 07:54:20
-0.041666666666666664,1511305940,11/21 03:12 PM,2017-11-22 08:12:20
-0.054999999999999716,1511309792,11/21 04:16 PM,2017-11-22 09:16:32
-0.0650000000000001,1511313645,11/21 05:20 PM,2017-11-22 10:20:45
-0.06499989827473958,1511317496,11/21 06:24 PM,2017-11-22 11:24:56
-0.041666666666666664,1511321358,11/21 07:29 PM,2017-11-22 12:29:18
-0.035833333333333904,1511325213,11/21 08:33 PM,2017-11-22 13:33:33
-0.041666666666666664,1511329065,11/21 09:37 PM,2017-11-22 14:37:45
-0.035833333333333904,1511330752,11/21 10:05 PM,2017-11-22 15:05:52
-0.038333333333333997,1511332449,11/21 10:34 PM,2017-11-22 15:34:09
-0.038333333333333997,1511334136,11/21 11:02 PM,2017-11-22 16:02:16
-0.035833333333333904,1511335820,11/21 11:30 PM,2017-11-22 16:30:20
-0.035833333333333904,1511337504,11/21 11:58 PM,2017-11-22 16:58:24
-0.038333333333333997,1511339189,11/22 12:26 AM,2017-11-22 17:26:29
-0.041666666666666664,1511340898,11/22 12:54 AM,2017-11-22 17:54:58
-0.038333333333333997,1511342581,11/22 01:23 AM,2017-11-22 18:23:01
-0.04499999999999934,1511344289,11/22 01:51 AM,2017-11-22 18:51:29
-0.04833333333333437,1511345975,11/22 02:19 AM,2017-11-22 19:19:35
-0.054999999999999716,1511351080,11/22 03:44 AM,2017-11-22 20:44:40
-0.061666666666667425,1511352765,11/22 04:12 AM,2017-11-22 21:12:45
-0.061666666666667425,1511354449,11/22 04:40 AM,2017-11-22 21:40:49
-0.07500000000000047,1511356133,11/22 05:08 AM,2017-11-22 22:08:53
-0.07166666666666781,1511357819,11/22 05:36 AM,2017-11-22 22:36:59
-0.07500000000000047,1511359504,11/22 06:05 AM,2017-11-22 23:05:04
-0.07500000000000047,1511361188,11/22 06:33 AM,2017-11-22 23:33:08
-0.05166666666666705,1511362872,11/22 07:01 AM,2017-11-23 00:01:12
-0.061666666666667425,1511364557,11/22 07:29 AM,2017-11-23 00:29:17
-0.061666666666667425,1511366244,11/22 07:57 AM,2017-11-23 00:57:24
-0.061666666666667425,1511367928,11/22 08:25 AM,2017-11-23 01:25:28
-0.054999999999999716,1511369612,11/22 08:53 AM,2017-11-23 01:53:32
-0.07500000000000047,1511370679,11/22 09:11 AM,2017-11-23 02:11:19
-0.05166666666666705,1511371745,11/22 09:29 AM,2017-11-23 02:29:05
-0.054999999999999716,1511372812,11/22 09:46 AM,2017-11-23 02:46:52
0.12833333333333266,1511373878,11/22 10:04 AM,2017-11-23 03:04:38
0.12833277384440103,1511374944,11/22 10:22 AM,2017-11-23 03:22:24
0.12833277384440103,1511376008,11/22 10:40 AM,2017-11-23 03:40:08
0.12833277384440103,1511377073,11/22 10:57 AM,2017-11-23 03:57:53
0.12833277384440103,1511378137,11/22 11:15 AM,2017-11-23 04:15:37
0.12833277384440103,1511379203,11/22 11:33 AM,2017-11-23 04:33:23
0.12833277384440103,1511380268,11/22 11:51 AM,2017-11-23 04:51:08
0.12833277384440103,1511381334,11/22 12:08 PM,2017-11-23 05:08:54
0.12833277384440103,1511382399,11/22 12:26 PM,2017-11-23 05:26:39
0.12833277384440103,1511383464,11/22 12:44 PM,2017-11-23 05:44:24
0.12833277384440103,1511384529,11/22 01:02 PM,2017-11-23 06:02:09
0.12833277384440103,1511385595,11/22 01:19 PM,2017-11-23 06:19:55
0.12833277384440103,1511386660,11/22 01:37 PM,2017-11-23 06:37:40
0.12833277384440103,1511387727,11/22 01:55 PM,2017-11-23 06:55:27
0.12833277384440103,1511388793,11/22 02:13 PM,2017-11-23 07:13:13
0.12833277384440103,1511389860,11/22 02:31 PM,2017-11-23 07:31:00
0.12833277384440103,1511390942,11/22 02:49 PM,2017-11-23 07:49:02
0.12833277384440103,1511392016,11/22 03:06 PM,2017-11-23 08:06:56
0.12833277384440103,1511393082,11/22 03:24 PM,2017-11-23 08:24:42
0.12833277384440103,1511394148,11/22 03:42 PM,2017-11-23 08:42:28
0.12833277384440103,1511396305,11/22 04:18 PM,2017-11-23 09:18:25
0.12833277384440103,1511398921,11/22 05:02 PM,2017-11-23 10:02:01
0.12833277384440103,1511401536,11/22 05:45 PM,2017-11-23 10:45:36
3.6783333333333332,1511404151,11/22 06:29 PM,2017-11-23 11:29:11
3.678333282470703,1511406766,11/22 07:12 PM,2017-11-23 12:12:46
3.678333282470703,1511409383,11/22 07:56 PM,2017-11-23 12:56:23
3.678333282470703,1511411998,11/22 08:39 PM,2017-11-23 13:39:58
3.678333282470703,1511414612,11/22 09:23 PM,2017-11-23 14:23:32
3.678333282470703,1511417229,11/22 10:07 PM,2017-11-23 15:07:09
3.678333282470703,1511419846,11/22 10:50 PM,2017-11-23 15:50:46
3.678333282470703,1511422462,11/22 11:34 PM,2017-11-23 16:34:22
3.678333282470703,1511425079,11/23 12:17 AM,2017-11-23 17:17:59
3.875,1511427695,11/23 01:01 AM,2017-11-23 18:01:35
3.875,1511430311,11/23 01:45 AM,2017-11-23 18:45:11
3.875,1511432925,11/23 02:28 AM,2017-11-23 19:28:45
3.7641666666666667,1511435539,11/23 03:12 AM,2017-11-23 20:12:19
3.685,1511438154,11/23 03:55 AM,2017-11-23 20:55:54
3.6558333333333337,1511440767,11/23 04:39 AM,2017-11-23 21:39:27
3.603333333333333,1511443380,11/23 05:23 AM,2017-11-23 22:23:00
3.5966666666666662,1511445995,11/23 06:06 AM,2017-11-23 23:06:35
3.563333333333334,1511448607,11/23 06:50 AM,2017-11-23 23:50:07
3.5341666666666662,1511451219,11/23 07:33 AM,2017-11-24 00:33:39
3.5341666666666662,1511453835,11/23 08:17 AM,2017-11-24 01:17:15
3.5275,1511456447,11/23 09:00 AM,2017-11-24 02:00:47
3.5508333333333333,1511459059,11/23 09:44 AM,2017-11-24 02:44:19
3.5574999999999997,1511461672,11/23 10:27 AM,2017-11-24 03:27:52
3.5666666666666664,1511464286,11/23 11:11 AM,2017-11-24 04:11:26
3.6,1511466897,11/23 11:54 AM,2017-11-24 04:54:57
3.6916666666666664,1511469510,11/23 12:38 PM,2017-11-24 05:38:30
3.691666920979818,1511472120,11/23 01:22 PM,2017-11-24 06:22:00
3.8324999999999996,1511474730,11/23 02:05 PM,2017-11-24 07:05:30
3.8324998219807944,1511477342,11/23 02:49 PM,2017-11-24 07:49:02
4.052499999999999,1511479954,11/23 03:32 PM,2017-11-24 08:32:34
4.1375,1511482564,11/23 04:16 PM,2017-11-24 09:16:04
4.2425,1511485175,11/23 04:59 PM,2017-11-24 09:59:35
4.3675,1511487784,11/23 05:43 PM,2017-11-24 10:43:04
4.501666666666666,1511490393,11/23 06:26 PM,2017-11-24 11:26:33
4.594166666666666,1511493004,11/23 07:10 PM,2017-11-24 12:10:04
4.704999999999999,1511495612,11/23 07:53 PM,2017-11-24 12:53:32
4.774166666666667,1511498223,11/23 08:37 PM,2017-11-24 13:37:03
4.8825,1511500834,11/23 09:20 PM,2017-11-24 14:20:34
4.948333333333333,1511503443,11/23 10:04 PM,2017-11-24 15:04:03
5.043333333333333,1511506053,11/23 10:47 PM,2017-11-24 15:47:33
5.099166666666666,1511508662,11/23 11:31 PM,2017-11-24 16:31:02
5.184166666666666,1511511270,11/24 12:14 AM,2017-11-24 17:14:30
5.273333333333333,1511513881,11/24 12:58 AM,2017-11-24 17:58:01
5.3808333333333325,1511516489,11/24 01:41 AM,2017-11-24 18:41:29
5.45,1511519099,11/24 02:24 AM,2017-11-24 19:24:59
5.529166666666666,1511521709,11/24 03:08 AM,2017-11-24 20:08:29
5.590833333333333,1511524317,11/24 03:51 AM,2017-11-24 20:51:57
5.66,1511526926,11/24 04:35 AM,2017-11-24 21:35:26
5.715833333333333,1511529536,11/24 05:18 AM,2017-11-24 22:18:56
5.745,1511532144,11/24 06:02 AM,2017-11-24 23:02:24
5.755,1511534755,11/24 06:45 AM,2017-11-24 23:45:55
5.7749999999999995,1511537362,11/24 07:29 AM,2017-11-25 00:29:22
5.758333333333333,1511539969,11/24 08:12 AM,2017-11-25 01:12:49
5.758333206176758,1511542580,11/24 08:56 AM,2017-11-25 01:56:20
5.758333206176758,1511546428,11/24 10:00 AM,2017-11-25 03:00:28
5.640833333333333,1511550281,11/24 11:04 AM,2017-11-25 04:04:41
5.555,1511554131,11/24 12:08 PM,2017-11-25 05:08:51
5.4433333333333325,1511557984,11/24 01:13 PM,2017-11-25 06:13:04
5.285833333333334,1511561834,11/24 02:17 PM,2017-11-25 07:17:14
5.148333333333333,1511565686,11/24 03:21 PM,2017-11-25 08:21:26
4.958333333333333,1511569535,11/24 04:25 PM,2017-11-25 09:25:35
4.767499999999999,1511573385,11/24 05:29 PM,2017-11-25 10:29:45
4.511666666666667,1511577232,11/24 06:33 PM,2017-11-25 11:33:52
4.233333333333333,1511581080,11/24 07:38 PM,2017-11-25 12:38:00
3.9375,1511584927,11/24 08:42 PM,2017-11-25 13:42:07
3.625833333333334,1511588775,11/24 09:46 PM,2017-11-25 14:46:15
3.2974999999999994,1511592621,11/24 10:50 PM,2017-11-25 15:50:21
2.766666666666667,1511598946,11/25 12:35 AM,2017-11-25 17:35:46
2.2216666666666662,1511605269,11/25 02:21 AM,2017-11-25 19:21:09
1.8541666666666667,1511611593,11/25 04:06 AM,2017-11-25 21:06:33
1.6641666666666666,1511617916,11/25 05:51 AM,2017-11-25 22:51:56
1.5983333333333338,1511624236,11/25 07:37 AM,2017-11-26 00:37:16
1.5591666666666661,1511630557,11/25 09:22 AM,2017-11-26 02:22:37
1.5975000000000001,1511636878,11/25 11:07 AM,2017-11-26 04:07:58
1.5975000000000001,1511644443,11/25 01:14 PM,2017-11-26 06:14:03
1.5972222222222225,1511652009,11/25 03:20 PM,2017-11-26 08:20:09
1.424166666666667,1511659576,11/25 05:26 PM,2017-11-26 10:26:16
1.4116666666666664,1511667143,11/25 07:32 PM,2017-11-26 12:32:23
1.388333333333333,1511674728,11/25 09:38 PM,2017-11-26 14:38:48
1.3624999999999996,1511682308,11/25 11:45 PM,2017-11-26 16:45:08
1.3624998728434246,1511689884,11/26 01:51 AM,2017-11-26 18:51:24
1.2966666666666669,1511697460,11/26 03:57 AM,2017-11-26 20:57:40
1.2833333333333339,1511705034,11/26 06:03 AM,2017-11-26 23:03:54
1.2699999999999996,1511712611,11/26 08:10 AM,2017-11-27 01:10:11
1.2699998219807942,1511720184,11/26 10:16 AM,2017-11-27 03:16:24
1.1816666666666673,1511727763,11/26 12:22 PM,2017-11-27 05:22:43
1.2208333333333339,1511735338,11/26 02:28 PM,2017-11-27 07:28:58
1.211666666666666,1511742905,11/26 04:35 PM,2017-11-27 09:35:05
1.1816666666666673,1511750469,11/26 06:41 PM,2017-11-27 11:41:09
1.1325000000000003,1511758033,11/26 08:47 PM,2017-11-27 13:47:13
1.1324996948242188,1511765594,11/26 10:53 PM,2017-11-27 15:53:14
1.0633333333333326,1511773153,11/27 12:59 AM,2017-11-27 17:59:13
1.010833333333333,1511780710,11/27 03:05 AM,2017-11-27 20:05:10
1.010833333333333,1511788265,11/27 05:11 AM,2017-11-27 22:11:05
0.9650000000000011,1511795821,11/27 07:17 AM,2017-11-28 00:17:01
0.9366666666666674,1511803379,11/27 09:22 AM,2017-11-28 02:22:59
0.936944467050059,1511845808,11/27 09:10 PM,2017-11-28 14:10:08
0.936944467050059,1511845971,11/27 09:12 PM,2017-11-28 14:12:51
8.799999999999999,1511847793,11/27 09:43 PM,2017-11-28 14:43:13
8.799999999999999,1511848255,11/27 09:50 PM,2017-11-28 14:50:55
8.799999999999999,1511848720,11/27 09:58 PM,2017-11-28 14:58:40
8.796666666666667,1511849181,11/27 10:06 PM,2017-11-28 15:06:21
8.799166666666666,1511849638,11/27 10:13 PM,2017-11-28 15:13:58
8.795833333333333,1511850102,11/27 10:21 PM,2017-11-28 15:21:42
8.795555644565157,1513468565,12/16 03:56 PM,2017-12-17 08:56:05
8.795555644565157,1513468812,12/16 04:00 PM,2017-12-17 09:00:12
4.550833333333333,1513469177,12/16 04:06 PM,2017-12-17 09:06:17
3.4116666666666666,1513577950,12/17 10:19 PM,2017-12-18 15:19:10
3.388333333333333,1513578196,12/17 10:23 PM,2017-12-18 15:23:16
3.401666666666666,1513578442,12/17 10:27 PM,2017-12-18 15:27:22
3.4008333333333334,1513578688,12/17 10:31 PM,2017-12-18 15:31:28
3.4058333333333337,1513578934,12/17 10:35 PM,2017-12-18 15:35:34
3.405,1513579180,12/17 10:39 PM,2017-12-18 15:39:40
3.4083333333333337,1513579426,12/17 10:43 PM,2017-12-18 15:43:46
3.4091666666666662,1513579672,12/17 10:47 PM,2017-12-18 15:47:52
3.4066666666666663,1513579918,12/17 10:51 PM,2017-12-18 15:51:58
3.410833333333334,1513580164,12/17 10:56 PM,2017-12-18 15:56:04
3.41,1513580410,12/17 11:00 PM,2017-12-18 16:00:10
3.4066666666666663,1513580656,12/17 11:04 PM,2017-12-18 16:04:16
3.4058333333333337,1513580902,12/17 11:08 PM,2017-12-18 16:08:22
3.4091666666666662,1513581148,12/17 11:12 PM,2017-12-18 16:12:28
3.4075,1513581394,12/17 11:16 PM,2017-12-18 16:16:34
3.4091666666666662,1513581640,12/17 11:20 PM,2017-12-18 16:20:40
3.4116666666666666,1513581886,12/17 11:24 PM,2017-12-18 16:24:46
3.415833333333333,1513582132,12/17 11:28 PM,2017-12-18 16:28:52
3.410833333333334,1513582377,12/17 11:32 PM,2017-12-18 16:32:57
3.4091666666666662,1513582624,12/17 11:37 PM,2017-12-18 16:37:04
3.410833333333334,1513582869,12/17 11:41 PM,2017-12-18 16:41:09
3.41,1513583116,12/17 11:45 PM,2017-12-18 16:45:16
3.4125,1513583362,12/17 11:49 PM,2017-12-18 16:49:22
3.4125,1513583608,12/17 11:53 PM,2017-12-18 16:53:28
3.4133333333333327,1513583854,12/17 11:57 PM,2017-12-18 16:57:34
3.41,1513584099,12/18 12:01 AM,2017-12-18 17:01:39
3.4125,1513584345,12/18 12:05 AM,2017-12-18 17:05:45
3.4166666666666665,1513584591,12/18 12:09 AM,2017-12-18 17:09:51
3.4133333333333327,1513584837,12/18 12:13 AM,2017-12-18 17:13:57
3.415833333333333,1513585083,12/18 12:18 AM,2017-12-18 17:18:03
3.418333333333333,1513585329,12/18 12:22 AM,2017-12-18 17:22:09
3.4133333333333327,1513585575,12/18 12:26 AM,2017-12-18 17:26:15
3.4133333333333327,1513585821,12/18 12:30 AM,2017-12-18 17:30:21
3.4150000000000005,1513586067,12/18 12:34 AM,2017-12-18 17:34:27
3.4125,1513586313,12/18 12:38 AM,2017-12-18 17:38:33
3.4125,1513586559,12/18 12:42 AM,2017-12-18 17:42:39
3.418333333333333,1513586805,12/18 12:46 AM,2017-12-18 17:46:45
3.419166666666667,1513587051,12/18 12:50 AM,2017-12-18 17:50:51
3.419166666666667,1513587297,12/18 12:54 AM,2017-12-18 17:54:57
3.419166666666667,1513587543,12/18 12:59 AM,2017-12-18 17:59:03
3.4224999999999994,1513587789,12/18 01:03 AM,2017-12-18 18:03:09
3.418333333333333,1513588035,12/18 01:07 AM,2017-12-18 18:07:15
3.4233333333333333,1513588281,12/18 01:11 AM,2017-12-18 18:11:21
3.4150000000000005,1513588526,12/18 01:15 AM,2017-12-18 18:15:26
3.4133333333333327,1513588772,12/18 01:19 AM,2017-12-18 18:19:32
3.415833333333333,1513589018,12/18 01:23 AM,2017-12-18 18:23:38
3.421666666666667,1513589263,12/18 01:27 AM,2017-12-18 18:27:43
3.4150000000000005,1513589509,12/18 01:31 AM,2017-12-18 18:31:49
3.4125,1513589755,12/18 01:35 AM,2017-12-18 18:35:55
3.4133333333333327,1513590001,12/18 01:40 AM,2017-12-18 18:40:01
3.4166666666666665,1513590247,12/18 01:44 AM,2017-12-18 18:44:07
3.4166666666666665,1513590493,12/18 01:48 AM,2017-12-18 18:48:13
3.420833333333333,1513590739,12/18 01:52 AM,2017-12-18 18:52:19
3.420833333333333,1513590985,12/18 01:56 AM,2017-12-18 18:56:25
3.4224999999999994,1513591231,12/18 02:00 AM,2017-12-18 19:00:31
3.4200000000000004,1513591477,12/18 02:04 AM,2017-12-18 19:04:37
3.419166666666667,1513591723,12/18 02:08 AM,2017-12-18 19:08:43
3.4258333333333333,1513591969,12/18 02:12 AM,2017-12-18 19:12:49
3.419166666666667,1513592215,12/18 02:16 AM,2017-12-18 19:16:55
3.420833333333333,1513592461,12/18 02:21 AM,2017-12-18 19:21:01
3.4141666666666666,1513592708,12/18 02:25 AM,2017-12-18 19:25:08
3.4224999999999994,1513592954,12/18 02:29 AM,2017-12-18 19:29:14
3.418333333333333,1513593200,12/18 02:33 AM,2017-12-18 19:33:20
3.4116666666666666,1513593446,12/18 02:37 AM,2017-12-18 19:37:26
3.415833333333333,1513593692,12/18 02:41 AM,2017-12-18 19:41:32
3.4166666666666665,1513593941,12/18 02:45 AM,2017-12-18 19:45:41
3.419166666666667,1513594187,12/18 02:49 AM,2017-12-18 19:49:47
3.415833333333333,1513594433,12/18 02:53 AM,2017-12-18 19:53:53
3.415833333333333,1513594679,12/18 02:57 AM,2017-12-18 19:57:59
3.4175000000000004,1513594925,12/18 03:02 AM,2017-12-18 20:02:05
3.4150000000000005,1513595171,12/18 03:06 AM,2017-12-18 20:06:11
3.4166666666666665,1513595417,12/18 03:10 AM,2017-12-18 20:10:17
3.415833333333333,1513595663,12/18 03:14 AM,2017-12-18 20:14:23
3.415833333333333,1513595909,12/18 03:18 AM,2017-12-18 20:18:29
3.419166666666667,1513596155,12/18 03:22 AM,2017-12-18 20:22:35
3.418333333333333,1513596401,12/18 03:26 AM,2017-12-18 20:26:41
3.418333333333333,1513596647,12/18 03:30 AM,2017-12-18 20:30:47
3.418333333333333,1513596893,12/18 03:34 AM,2017-12-18 20:34:53
3.4150000000000005,1513597139,12/18 03:38 AM,2017-12-18 20:38:59
3.424166666666667,1513597385,12/18 03:43 AM,2017-12-18 20:43:05
3.421666666666667,1513597631,12/18 03:47 AM,2017-12-18 20:47:11
3.4200000000000004,1513597877,12/18 03:51 AM,2017-12-18 20:51:17
3.4224999999999994,1513598123,12/18 03:55 AM,2017-12-18 20:55:23
3.421666666666667,1513598369,12/18 03:59 AM,2017-12-18 20:59:29
3.420833333333333,1513598615,12/18 04:03 AM,2017-12-18 21:03:35
3.419166666666667,1513598861,12/18 04:07 AM,2017-12-18 21:07:41
3.418333333333333,1513599107,12/18 04:11 AM,2017-12-18 21:11:47
3.4141666666666666,1513599353,12/18 04:15 AM,2017-12-18 21:15:53
3.4125,1513599599,12/18 04:19 AM,2017-12-18 21:19:59
3.4125,1513599845,12/18 04:24 AM,2017-12-18 21:24:05
3.4150000000000005,1513600091,12/18 04:28 AM,2017-12-18 21:28:11
3.415833333333333,1513600337,12/18 04:32 AM,2017-12-18 21:32:17
3.4133333333333327,1513600583,12/18 04:36 AM,2017-12-18 21:36:23
3.4166666666666665,1513600829,12/18 04:40 AM,2017-12-18 21:40:29
3.4166666666666665,1513601074,12/18 04:44 AM,2017-12-18 21:44:34
3.4175000000000004,1513601320,12/18 04:48 AM,2017-12-18 21:48:40
3.419166666666667,1513601567,12/18 04:52 AM,2017-12-18 21:52:47
3.4166666666666665,1513601814,12/18 04:56 AM,2017-12-18 21:56:54
3.419166666666667,1513602061,12/18 05:01 AM,2017-12-18 22:01:01
3.421666666666667,1513602308,12/18 05:05 AM,2017-12-18 22:05:08
3.415833333333333,1513602555,12/18 05:09 AM,2017-12-18 22:09:15
3.421666666666667,1513602802,12/18 05:13 AM,2017-12-18 22:13:22
3.418333333333333,1513603049,12/18 05:17 AM,2017-12-18 22:17:29
3.418333333333333,1513603296,12/18 05:21 AM,2017-12-18 22:21:36
3.419166666666667,1513603544,12/18 05:25 AM,2017-12-18 22:25:44
3.419166666666667,1513603791,12/18 05:29 AM,2017-12-18 22:29:51
3.419166666666667,1513604038,12/18 05:33 AM,2017-12-18 22:33:58
3.419166666666667,1513604285,12/18 05:38 AM,2017-12-18 22:38:05
3.420833333333333,1513604532,12/18 05:42 AM,2017-12-18 22:42:12
3.420833333333333,1513604779,12/18 05:46 AM,2017-12-18 22:46:19
3.421666666666667,1513605027,12/18 05:50 AM,2017-12-18 22:50:27
3.4200000000000004,1513605274,12/18 05:54 AM,2017-12-18 22:54:34
3.424166666666667,1513605521,12/18 05:58 AM,2017-12-18 22:58:41
3.424166666666667,1513605768,12/18 06:02 AM,2017-12-18 23:02:48
3.424166666666667,1513606015,12/18 06:06 AM,2017-12-18 23:06:55
3.4258333333333333,1513606262,12/18 06:11 AM,2017-12-18 23:11:02
3.4258333333333333,1513606509,12/18 06:15 AM,2017-12-18 23:15:09
3.4258333333333333,1513606756,12/18 06:19 AM,2017-12-18 23:19:16
3.4224999999999994,1513607004,12/18 06:23 AM,2017-12-18 23:23:24
3.4233333333333333,1513607251,12/18 06:27 AM,2017-12-18 23:27:31
3.419166666666667,1513607498,12/18 06:31 AM,2017-12-18 23:31:38
3.4224999999999994,1513607745,12/18 06:35 AM,2017-12-18 23:35:45
3.4224999999999994,1513607993,12/18 06:39 AM,2017-12-18 23:39:53
3.4249999999999994,1513608239,12/18 06:43 AM,2017-12-18 23:43:59
3.4233333333333333,1513608487,12/18 06:48 AM,2017-12-18 23:48:07
3.418333333333333,1513608734,12/18 06:52 AM,2017-12-18 23:52:14
3.415833333333333,1513608981,12/18 06:56 AM,2017-12-18 23:56:21
3.4175000000000004,1513609228,12/18 07:00 AM,2017-12-19 00:00:28
3.4125,1513609475,12/18 07:04 AM,2017-12-19 00:04:35
3.420833333333333,1513609722,12/18 07:08 AM,2017-12-19 00:08:42
3.4200000000000004,1513609970,12/18 07:12 AM,2017-12-19 00:12:50
3.415833333333333,1513610217,12/18 07:16 AM,2017-12-19 00:16:57
3.415833333333333,1513610464,12/18 07:21 AM,2017-12-19 00:21:04
3.4166666666666665,1513610711,12/18 07:25 AM,2017-12-19 00:25:11
3.415833333333333,1513610958,12/18 07:29 AM,2017-12-19 00:29:18
3.418333333333333,1513611205,12/18 07:33 AM,2017-12-19 00:33:25
3.418333333333333,1513611452,12/18 07:37 AM,2017-12-19 00:37:32
3.421666666666667,1513611700,12/18 07:41 AM,2017-12-19 00:41:40
3.419166666666667,1513611947,12/18 07:45 AM,2017-12-19 00:45:47
3.419166666666667,1513612194,12/18 07:49 AM,2017-12-19 00:49:54
3.4200000000000004,1513612441,12/18 07:54 AM,2017-12-19 00:54:01
3.420833333333333,1513612688,12/18 07:58 AM,2017-12-19 00:58:08
3.424166666666667,1513612936,12/18 08:02 AM,2017-12-19 01:02:16
3.4200000000000004,1513613183,12/18 08:06 AM,2017-12-19 01:06:23
3.4224999999999994,1513613430,12/18 08:10 AM,2017-12-19 01:10:30
3.420833333333333,1513613678,12/18 08:14 AM,2017-12-19 01:14:38
3.4224999999999994,1513613925,12/18 08:18 AM,2017-12-19 01:18:45
3.4224999999999994,1513614172,12/18 08:22 AM,2017-12-19 01:22:52
3.419166666666667,1513614419,12/18 08:26 AM,2017-12-19 01:26:59
3.4224999999999994,1513614666,12/18 08:31 AM,2017-12-19 01:31:06
3.4175000000000004,1513614913,12/18 08:35 AM,2017-12-19 01:35:13
3.419166666666667,1513615161,12/18 08:39 AM,2017-12-19 01:39:21
3.4166666666666665,1513615408,12/18 08:43 AM,2017-12-19 01:43:28
3.4133333333333327,1513615655,12/18 08:47 AM,2017-12-19 01:47:35
3.4391666666666665,1513615902,12/18 08:51 AM,2017-12-19 01:51:42
3.4599999999999995,1513616149,12/18 08:55 AM,2017-12-19 01:55:49
3.453333333333333,1513616396,12/18 08:59 AM,2017-12-19 01:59:56
3.4616666666666673,1513616643,12/18 09:04 AM,2017-12-19 02:04:03
3.4608333333333334,1513616891,12/18 09:08 AM,2017-12-19 02:08:11
3.47,1513617138,12/18 09:12 AM,2017-12-19 02:12:18
3.473333333333334,1513617385,12/18 09:16 AM,2017-12-19 02:16:25
3.4725,1513617632,12/18 09:20 AM,2017-12-19 02:20:32
3.478333333333333,1513617879,12/18 09:24 AM,2017-12-19 02:24:39
3.473333333333334,1513618127,12/18 09:28 AM,2017-12-19 02:28:47
3.4716666666666662,1513618374,12/18 09:32 AM,2017-12-19 02:32:54
3.4725,1513618621,12/18 09:37 AM,2017-12-19 02:37:01
3.4825000000000004,1513618868,12/18 09:41 AM,2017-12-19 02:41:08
3.4791666666666665,1513619115,12/18 09:45 AM,2017-12-19 02:45:15
3.4775000000000005,1513619362,12/18 09:49 AM,2017-12-19 02:49:22
3.481666666666667,1513619610,12/18 09:53 AM,2017-12-19 02:53:30
3.475,1513619857,12/18 09:57 AM,2017-12-19 02:57:37
3.484166666666667,1513620104,12/18 10:01 AM,2017-12-19 03:01:44
3.478333333333333,1513620351,12/18 10:05 AM,2017-12-19 03:05:51
3.4741666666666666,1513620598,12/18 10:09 AM,2017-12-19 03:09:58
3.475,1513620845,12/18 10:14 AM,2017-12-19 03:14:05
3.4683333333333337,1513621092,12/18 10:18 AM,2017-12-19 03:18:12
3.4758333333333327,1513621340,12/18 10:22 AM,2017-12-19 03:22:20
3.4625,1513621587,12/18 10:26 AM,2017-12-19 03:26:27
3.4716666666666662,1513621834,12/18 10:30 AM,2017-12-19 03:30:34
3.4708333333333337,1513622081,12/18 10:34 AM,2017-12-19 03:34:41
3.465,1513622327,12/18 10:38 AM,2017-12-19 03:38:47
3.4675,1513622573,12/18 10:42 AM,2017-12-19 03:42:53
3.4633333333333334,1513622819,12/18 10:46 AM,2017-12-19 03:46:59
3.4658333333333338,1513623065,12/18 10:51 AM,2017-12-19 03:51:05
3.465,1513623311,12/18 10:55 AM,2017-12-19 03:55:11
3.4675,1513623558,12/18 10:59 AM,2017-12-19 03:59:18
3.4633333333333334,1513623804,12/18 11:03 AM,2017-12-19 04:03:24
3.478333333333333,1513624050,12/18 11:07 AM,2017-12-19 04:07:30
0.1266666666666675,1513624261,12/18 11:11 AM,2017-12-19 04:11:01
10.08,1513624507,12/18 11:15 AM,2017-12-19 04:15:07
10.080000012009231,1513624753,12/18 11:19 AM,2017-12-19 04:19:13
10.080000012009231,1513624999,12/18 11:23 AM,2017-12-19 04:23:19
10.080000012009231,1513625245,12/18 11:27 AM,2017-12-19 04:27:25
10.080000012009231,1513625492,12/18 11:31 AM,2017-12-19 04:31:32
10.080000012009231,1513625739,12/18 11:35 AM,2017-12-19 04:35:39
10.080000012009231,1513625987,12/18 11:39 AM,2017-12-19 04:39:47
10.080000012009231,1513626235,12/18 11:43 AM,2017-12-19 04:43:55
10.080000012009231,1513626513,12/18 11:48 AM,2017-12-19 04:48:33
10.080000012009231,1513626760,12/18 11:52 AM,2017-12-19 04:52:40
10.080000012009231,1513627007,12/18 11:56 AM,2017-12-19 04:56:47
10.080000012009231,1513627254,12/18 12:00 PM,2017-12-19 05:00:54
10.080000012009231,1513627503,12/18 12:05 PM,2017-12-19 05:05:03
10.080000012009231,1513627750,12/18 12:09 PM,2017-12-19 05:09:10
10.080000012009231,1513627997,12/18 12:13 PM,2017-12-19 05:13:17
10.080000012009231,1513628244,12/18 12:17 PM,2017-12-19 05:17:24
10.080000012009231,1513628491,12/18 12:21 PM,2017-12-19 05:21:31
10.080000012009231,1513628739,12/18 12:25 PM,2017-12-19 05:25:39
10.080000012009231,1513628987,12/18 12:29 PM,2017-12-19 05:29:47
10.080000012009231,1513629234,12/18 12:33 PM,2017-12-19 05:33:54
10.080000012009231,1513629481,12/18 12:38 PM,2017-12-19 05:38:01
10.080000012009231,1513629728,12/18 12:42 PM,2017-12-19 05:42:08
10.080000012009231,1513629975,12/18 12:46 PM,2017-12-19 05:46:15
10.080000012009231,1513630222,12/18 12:50 PM,2017-12-19 05:50:22
10.080000012009231,1513630469,12/18 12:54 PM,2017-12-19 05:54:29
10.080000012009231,1513630716,12/18 12:58 PM,2017-12-19 05:58:36
10.080000012009231,1513630964,12/18 01:02 PM,2017-12-19 06:02:44
10.080000012009231,1513631210,12/18 01:06 PM,2017-12-19 06:06:50
10.080000012009231,1513631457,12/18 01:10 PM,2017-12-19 06:10:57
10.080000012009231,1513631704,12/18 01:15 PM,2017-12-19 06:15:04
10.080000012009231,1513631951,12/18 01:19 PM,2017-12-19 06:19:11
10.080000012009231,1513632198,12/18 01:23 PM,2017-12-19 06:23:18
10.080000012009231,1513632445,12/18 01:27 PM,2017-12-19 06:27:25
10.080000012009231,1513632691,12/18 01:31 PM,2017-12-19 06:31:31
10.080000012009231,1513632940,12/18 01:35 PM,2017-12-19 06:35:40
10.080000012009231,1513633187,12/18 01:39 PM,2017-12-19 06:39:47
10.080000012009231,1513633433,12/18 01:43 PM,2017-12-19 06:43:53
10.080000012009231,1513633680,12/18 01:48 PM,2017-12-19 06:48:00
10.080000012009231,1513633927,12/18 01:52 PM,2017-12-19 06:52:07
10.080000012009231,1513634173,12/18 01:56 PM,2017-12-19 06:56:13
10.080000012009231,1513634420,12/18 02:00 PM,2017-12-19 07:00:20
10.080000012009231,1513634667,12/18 02:04 PM,2017-12-19 07:04:27
10.080000012009231,1513634913,12/18 02:08 PM,2017-12-19 07:08:33
10.080000012009231,1513635160,12/18 02:12 PM,2017-12-19 07:12:40
10.080000012009231,1513635407,12/18 02:16 PM,2017-12-19 07:16:47
10.080000012009231,1513635654,12/18 02:20 PM,2017-12-19 07:20:54
10.080000012009231,1513635900,12/18 02:25 PM,2017-12-19 07:25:00
10.080000012009231,1513636147,12/18 02:29 PM,2017-12-19 07:29:07
10.080000012009231,1513636394,12/18 02:33 PM,2017-12-19 07:33:14
10.080000012009231,1513638547,12/18 03:09 PM,2017-12-19 08:09:07
10.080000012009231,1513640699,12/18 03:44 PM,2017-12-19 08:44:59
10.080000012009231,1513642851,12/18 04:20 PM,2017-12-19 09:20:51
10.080000012009231,1513645002,12/18 04:56 PM,2017-12-19 09:56:42
10.080000012009231,1513647145,12/18 05:32 PM,2017-12-19 10:32:25
10.080000012009231,1513649279,12/18 06:07 PM,2017-12-19 11:07:59
10.080000012009231,1513651412,12/18 06:43 PM,2017-12-19 11:43:32
10.080000012009231,1513653545,12/18 07:19 PM,2017-12-19 12:19:05
10.080000012009231,1513655679,12/18 07:54 PM,2017-12-19 12:54:39
10.080000012009231,1513657812,12/18 08:30 PM,2017-12-19 13:30:12
10.080000012009231,1513659944,12/18 09:05 PM,2017-12-19 14:05:44
10.080000012009231,1513662076,12/18 09:41 PM,2017-12-19 14:41:16
10.080000012009231,1513664224,12/18 10:17 PM,2017-12-19 15:17:04
10.080000012009231,1513668550,12/18 11:29 PM,2017-12-19 16:29:10
10.080000012009231,1513670681,12/19 12:04 AM,2017-12-19 17:04:41
10.080000012009231,1513672813,12/19 12:40 AM,2017-12-19 17:40:13
10.080000012009231,1513674944,12/19 01:15 AM,2017-12-19 18:15:44
10.080000012009231,1513677076,12/19 01:51 AM,2017-12-19 18:51:16
10.080000012009231,1513679208,12/19 02:26 AM,2017-12-19 19:26:48
10.080000012009231,1513681343,12/19 03:02 AM,2017-12-19 20:02:23
10.080000012009231,1513683489,12/19 03:38 AM,2017-12-19 20:38:09
10.080000012009231,1513685631,12/19 04:13 AM,2017-12-19 21:13:51
10.080000012009231,1513687763,12/19 04:49 AM,2017-12-19 21:49:23
10.080000012009231,1513689894,12/19 05:24 AM,2017-12-19 22:24:54
10.080000012009231,1513692025,12/19 06:00 AM,2017-12-19 23:00:25
10.080000012009231,1513694156,12/19 06:35 AM,2017-12-19 23:35:56
10.080000012009231,1513696288,12/19 07:11 AM,2017-12-20 00:11:28
10.080000012009231,1513698419,12/19 07:46 AM,2017-12-20 00:46:59
10.080000012009231,1513700551,12/19 08:22 AM,2017-12-20 01:22:31
10.080000012009231,1513702698,12/19 08:58 AM,2017-12-20 01:58:18
10.080000012009231,1513704839,12/19 09:33 AM,2017-12-20 02:33:59
10.210833333333333,1513706971,12/19 10:09 AM,2017-12-20 03:09:31
10.200000000000001,1513709103,12/19 10:45 AM,2017-12-20 03:45:03
10.195833333333333,1513711237,12/19 11:20 AM,2017-12-20 04:20:37
10.201666666666666,1513713371,12/19 11:56 AM,2017-12-20 04:56:11
10.183333333333334,1513715522,12/19 12:32 PM,2017-12-20 05:32:02
10.189166666666667,1513717674,12/19 01:07 PM,2017-12-20 06:07:54
10.1925,1513719827,12/19 01:43 PM,2017-12-20 06:43:47
10.184166666666668,1513721981,12/19 02:19 PM,2017-12-20 07:19:41
8.814166666666667,1513724133,12/19 02:55 PM,2017-12-20 07:55:33
8.796666666666667,1513726287,12/19 03:31 PM,2017-12-20 08:31:27
8.7825,1513728443,12/19 04:07 PM,2017-12-20 09:07:23
9.079166666666667,1513730603,12/19 04:43 PM,2017-12-20 09:43:23
9.080833333333333,1513732760,12/19 05:19 PM,2017-12-20 10:19:20
9.143333333333333,1513734918,12/19 05:55 PM,2017-12-20 10:55:18
9.175833333333333,1513737074,12/19 06:31 PM,2017-12-20 11:31:14
9.228333333333333,1513739232,12/19 07:07 PM,2017-12-20 12:07:12
9.095,1513741388,12/19 07:43 PM,2017-12-20 12:43:08
8.6175,1513743543,12/19 08:19 PM,2017-12-20 13:19:03
9.290833333333333,1513745700,12/19 08:55 PM,2017-12-20 13:55:00
9.884166666666667,1513747853,12/19 09:30 PM,2017-12-20 14:30:53
9.883981457463017,1513750006,12/19 10:06 PM,2017-12-20 15:06:46
9.883981457463017,1513752150,12/19 10:42 PM,2017-12-20 15:42:30
9.883981457463017,1513754284,12/19 11:18 PM,2017-12-20 16:18:04
9.883981457463017,1513756418,12/19 11:53 PM,2017-12-20 16:53:38
9.883981457463017,1513758566,12/20 12:29 AM,2017-12-20 17:29:26
9.883981457463017,1513760709,12/20 01:05 AM,2017-12-20 18:05:09
9.883981457463017,1513762842,12/20 01:40 AM,2017-12-20 18:40:42
9.883981457463017,1513764975,12/20 02:16 AM,2017-12-20 19:16:15
9.883981457463017,1513767108,12/20 02:51 AM,2017-12-20 19:51:48
8.635833333333332,1513769240,12/20 03:27 AM,2017-12-20 20:27:20
8.635833316379122,1513771372,12/20 04:02 AM,2017-12-20 21:02:52
8.635833316379122,1513775683,12/20 05:14 AM,2017-12-20 22:14:43
9.179166666666667,1513777860,12/20 05:51 AM,2017-12-20 22:51:00
8.9475,1513780000,12/20 06:26 AM,2017-12-20 23:26:40
8.941666666666666,1513782130,12/20 07:02 AM,2017-12-21 00:02:10
8.970833333333333,1513784261,12/20 07:37 AM,2017-12-21 00:37:41
8.954166666666667,1513786434,12/20 08:13 AM,2017-12-21 01:13:54
8.975,1513788564,12/20 08:49 AM,2017-12-21 01:49:24
8.981666666666667,1513790694,12/20 09:24 AM,2017-12-21 02:24:54
8.973333333333334,1513792823,12/20 10:00 AM,2017-12-21 03:00:23
8.975,1513794952,12/20 10:35 AM,2017-12-21 03:35:52
8.520833333333334,1513803059,12/20 12:50 PM,2017-12-21 05:50:59
8.595,1513811185,12/20 03:06 PM,2017-12-21 08:06:25
9.865,1513843281,12/21 12:01 AM,2017-12-21 17:01:21
9.864166666666668,1513859296,12/21 04:28 AM,2017-12-21 21:28:16
9.87,1513875354,12/21 08:55 AM,2017-12-22 01:55:54
8.5875,1513891367,12/21 01:22 PM,2017-12-22 06:22:47
9.855833333333333,1513907388,12/21 05:49 PM,2017-12-22 10:49:48
9.854166666666666,1513931347,12/22 12:29 AM,2017-12-22 17:29:07
9.853333333333333,1513955306,12/22 07:08 AM,2017-12-23 00:08:26
8.579166666666667,1513979273,12/22 01:47 PM,2017-12-23 06:47:53
9.85,1514003271,12/22 08:27 PM,2017-12-23 13:27:51
9.862499999999999,1514027271,12/23 03:07 AM,2017-12-23 20:07:51
9.862499999999999,1514051229,12/23 09:47 AM,2017-12-24 02:47:09
8.596666666666666,1514075204,12/23 04:26 PM,2017-12-24 09:26:44
8.7575,1514099182,12/23 11:06 PM,2017-12-24 16:06:22
8.58,1514147090,12/24 12:24 PM,2017-12-25 05:24:50
9.863333333333333,1514171050,12/24 07:04 PM,2017-12-25 12:04:10
9.862499999999999,1514195015,12/25 01:43 AM,2017-12-25 18:43:35
9.862499999999999,1514218972,12/25 08:22 AM,2017-12-26 01:22:52
9.862870392975983,1514242966,12/25 03:02 PM,2017-12-26 08:02:46
9.862870392975983,1514266954,12/25 09:42 PM,2017-12-26 14:42:34
9.862870392975983,1514290926,12/26 04:22 AM,2017-12-26 21:22:06
9.862870392975983,1514314885,12/26 11:01 AM,2017-12-27 04:01:25
9.862870392975983,1514338865,12/26 05:41 PM,2017-12-27 10:41:05
9.862870392975983,1514362834,12/27 12:20 AM,2017-12-27 17:20:34
9.862870392975983,1514386784,12/27 06:59 AM,2017-12-27 23:59:44
9.862870392975983,1514410751,12/27 01:39 PM,2017-12-28 06:39:11
9.862870392975983,1514434724,12/27 08:18 PM,2017-12-28 13:18:44
9.862870392975983,1514458694,12/28 02:58 AM,2017-12-28 19:58:14
-0.09083333333333361,1514507726,12/28 04:35 PM,2017-12-29 09:35:26
-0.09083302815755208,1514535420,12/29 12:17 AM,2017-12-29 17:17:00
-0.09083302815755208,1514559427,12/29 06:57 AM,2017-12-29 23:57:07
-0.09083302815755208,1514583428,12/29 01:37 PM,2017-12-30 06:37:08
-0.09083302815755208,1514607470,12/29 08:17 PM,2017-12-30 13:17:50
-0.09083302815755208,1514631506,12/30 02:58 AM,2017-12-30 19:58:26
-0.09083302815755208,1514655523,12/30 09:38 AM,2017-12-31 02:38:43
-0.09083302815755208,1514679544,12/30 04:19 PM,2017-12-31 09:19:04
